title,image_url
A large body of water next to a cliff,https://plus.unsplash.com/premium_photo-1728669321277-42f12994a0e3?fm=jpg&q=60&w=3000&ixlib=rb-4.0.3&ixid=M3wxMjA3fDB8MHxwaG90by1pbi1zYW1lLXNlcmllc3wxfHx8ZW58MHx8fHx8
A large body of water next to a rocky cliff,https://plus.unsplash.com/premium_photo-1728669363560-74a52a1a90a1?fm=jpg&q=60&w=3000&ixlib=rb-4.0.3&ixid=M3wxMjA3fDB8MHxwaG90by1pbi1zYW1lLXNlcmllc3wyfHx8ZW58MHx8fHx8
A person standing on top of a cliff near the ocean,https://plus.unsplash.com/premium_photo-1728669793639-cea768b6349a?fm=jpg&q=60&w=3000&ixlib=rb-4.0.3&ixid=M3wxMjA3fDB8MHxwaG90by1pbi1zYW1lLXNlcmllc3wzfHx8ZW58MHx8fHx8
A woman is looking at her cell phone,https://plus.unsplash.com/premium_photo-1728513436908-2683529e88c3?fm=jpg&q=60&w=3000&ixlib=rb-4.0.3&ixid=M3wxMjA3fDB8MHxwaG90by1pbi1zYW1lLXNlcmllc3wxfHx8ZW58MHx8fHx8
A black and white photo of a man's face,https://plus.unsplash.com/premium_photo-1728513437777-40a1231c91e3?fm=jpg&q=60&w=3000&ixlib=rb-4.0.3&ixid=M3wxMjA3fDB8MHxwaG90by1pbi1zYW1lLXNlcmllc3wyfHx8ZW58MHx8fHx8
A person sitting on the stairs of a building,https://plus.unsplash.com/premium_photo-1728513437939-63024af6c520?fm=jpg&q=60&w=3000&ixlib=rb-4.0.3&ixid=M3wxMjA3fDB8MHxwaG90by1pbi1zYW1lLXNlcmllc3wzfHx8ZW58MHx8fHx8
A man in a green shirt laying on the floor,https://plus.unsplash.com/premium_photo-1728513437052-080f9e1746dd?fm=jpg&q=60&w=3000&ixlib=rb-4.0.3&ixid=M3wxMjA3fDB8MHxwaG90by1pbi1zYW1lLXNlcmllc3w0fHx8ZW58MHx8fHx8
A woman sitting on the ground in front of a building,https://plus.unsplash.com/premium_photo-1728513437569-544fb91c8ba9?fm=jpg&q=60&w=3000&ixlib=rb-4.0.3&ixid=M3wxMjA3fDB8MHxwaG90by1pbi1zYW1lLXNlcmllc3w1fHx8ZW58MHx8fHx8
A woman in a black dress walking through a forest,https://plus.unsplash.com/premium_photo-1728513435104-30908308ee2d?fm=jpg&q=60&w=3000&ixlib=rb-4.0.3&ixid=M3wxMjA3fDB8MHxwaG90by1pbi1zYW1lLXNlcmllc3w2fHx8ZW58MHx8fHx8
A woman looking out a window with her hand on the window sill,https://plus.unsplash.com/premium_photo-1728513434979-f4ad95367b75?fm=jpg&q=60&w=3000&ixlib=rb-4.0.3&ixid=M3wxMjA3fDB8MHxwaG90by1pbi1zYW1lLXNlcmllc3w3fHx8ZW58MHx8fHx8
A man is sitting on the stairs with his head in his hands,https://plus.unsplash.com/premium_photo-1728513434188-ce973e209870?fm=jpg&q=60&w=3000&ixlib=rb-4.0.3&ixid=M3wxMjA3fDB8MHxwaG90by1pbi1zYW1lLXNlcmllc3w4fHx8ZW58MHx8fHx8
A man with his hands on his head,https://plus.unsplash.com/premium_photo-1728513423933-733ad27ce6b3?fm=jpg&q=60&w=3000&ixlib=rb-4.0.3&ixid=M3wxMjA3fDB8MHxwaG90by1pbi1zYW1lLXNlcmllc3w5fHx8ZW58MHx8fHx8
A woman in a black dress laying on a bench,https://plus.unsplash.com/premium_photo-1728513435062-3691c22b1918?fm=jpg&q=60&w=3000&ixlib=rb-4.0.3&ixid=M3wxMjA3fDB8MHxwaG90by1pbi1zYW1lLXNlcmllc3wxMHx8fGVufDB8fHx8fA%3D%3D
A man wearing a hat and holding a bag,https://plus.unsplash.com/premium_photo-1727967195180-48157ba61b15?fm=jpg&q=60&w=3000&ixlib=rb-4.0.3&ixid=M3wxMjA3fDB8MHxwaG90by1pbi1zYW1lLXNlcmllc3wxfHx8ZW58MHx8fHx8
A man standing with his arms crossed wearing a green jacket,https://plus.unsplash.com/premium_photo-1727967194091-05d5f317f77e?fm=jpg&q=60&w=3000&ixlib=rb-4.0.3&ixid=M3wxMjA3fDB8MHxwaG90by1pbi1zYW1lLXNlcmllc3wyfHx8ZW58MHx8fHx8
A man in a friday hoodie poses for a picture,https://plus.unsplash.com/premium_photo-1727967189498-fb2c7d0a1e30?fm=jpg&q=60&w=3000&ixlib=rb-4.0.3&ixid=M3wxMjA3fDB8MHxwaG90by1pbi1zYW1lLXNlcmllc3wzfHx8ZW58MHx8fHx8
A woman in a suit holding a folder,https://plus.unsplash.com/premium_photo-1727967191702-785af4e14a6d?fm=jpg&q=60&w=3000&ixlib=rb-4.0.3&ixid=M3wxMjA3fDB8MHxwaG90by1pbi1zYW1lLXNlcmllc3w0fHx8ZW58MHx8fHx8
A woman in a suit holding a laptop computer,https://plus.unsplash.com/premium_photo-1727967193983-d18b7a1e6ac3?fm=jpg&q=60&w=3000&ixlib=rb-4.0.3&ixid=M3wxMjA3fDB8MHxwaG90by1pbi1zYW1lLXNlcmllc3w1fHx8ZW58MHx8fHx8
A woman in a business suit holding a binder,https://plus.unsplash.com/premium_photo-1727967193733-d6cd53adfd81?fm=jpg&q=60&w=3000&ixlib=rb-4.0.3&ixid=M3wxMjA3fDB8MHxwaG90by1pbi1zYW1lLXNlcmllc3w2fHx8ZW58MHx8fHx8
A woman leaning against a wall with her legs crossed,https://plus.unsplash.com/premium_photo-1727967193628-81cc573e74fa?fm=jpg&q=60&w=3000&ixlib=rb-4.0.3&ixid=M3wxMjA3fDB8MHxwaG90by1pbi1zYW1lLXNlcmllc3w3fHx8ZW58MHx8fHx8
A woman in a green top and white skirt,https://plus.unsplash.com/premium_photo-1727967194287-7887e311a72b?fm=jpg&q=60&w=3000&ixlib=rb-4.0.3&ixid=M3wxMjA3fDB8MHxwaG90by1pbi1zYW1lLXNlcmllc3w4fHx8ZW58MHx8fHx8
A woman in a blue and white sweater and skirt,https://plus.unsplash.com/premium_photo-1727967190388-f344a4123af2?fm=jpg&q=60&w=3000&ixlib=rb-4.0.3&ixid=M3wxMjA3fDB8MHxwaG90by1pbi1zYW1lLXNlcmllc3w5fHx8ZW58MHx8fHx8
A man in a red shirt and white collared shirt,https://plus.unsplash.com/premium_photo-1727967194615-6dd35e7222ff?fm=jpg&q=60&w=3000&ixlib=rb-4.0.3&ixid=M3wxMjA3fDB8MHxwaG90by1pbi1zYW1lLXNlcmllc3wxMHx8fGVufDB8fHx8fA%3D%3D
a black and white photo of a satellite in the sky,https://plus.unsplash.com/premium_photo-1680391379580-4d24007be95c?fm=jpg&q=60&w=3000&ixlib=rb-4.0.3&ixid=M3wxMjA3fDB8MHxwaG90by1pbi1zYW1lLXNlcmllc3wxfHx8ZW58MHx8fHx8
a black and white photo of a light in the sky,https://plus.unsplash.com/premium_photo-1680391379975-79f836c9c829?fm=jpg&q=60&w=3000&ixlib=rb-4.0.3&ixid=M3wxMjA3fDB8MHxwaG90by1pbi1zYW1lLXNlcmllc3wyfHx8ZW58MHx8fHx8
a black and white photo of a rocket taking off,https://plus.unsplash.com/premium_photo-1680391380341-b67592040e21?fm=jpg&q=60&w=3000&ixlib=rb-4.0.3&ixid=M3wxMjA3fDB8MHxwaG90by1pbi1zYW1lLXNlcmllc3wzfHx8ZW58MHx8fHx8
a black and white photo of a satellite,https://plus.unsplash.com/premium_photo-1680391379670-5907f52bb0d9?fm=jpg&q=60&w=3000&ixlib=rb-4.0.3&ixid=M3wxMjA3fDB8MHxwaG90by1pbi1zYW1lLXNlcmllc3w0fHx8ZW58MHx8fHx8
a black and white photo of a satellite in the sky,https://plus.unsplash.com/premium_photo-1680391379555-16875b79611d?fm=jpg&q=60&w=3000&ixlib=rb-4.0.3&ixid=M3wxMjA3fDB8MHxwaG90by1pbi1zYW1lLXNlcmllc3w1fHx8ZW58MHx8fHx8
a black and white photo of a satellite dish,https://plus.unsplash.com/premium_photo-1680391379631-04fcc07a4d26?fm=jpg&q=60&w=3000&ixlib=rb-4.0.3&ixid=M3wxMjA3fDB8MHxwaG90by1pbi1zYW1lLXNlcmllc3w2fHx8ZW58MHx8fHx8
a black and white photo of a street light,https://plus.unsplash.com/premium_photo-1680391380047-9cf9ebdff1b2?fm=jpg&q=60&w=3000&ixlib=rb-4.0.3&ixid=M3wxMjA3fDB8MHxwaG90by1pbi1zYW1lLXNlcmllc3w3fHx8ZW58MHx8fHx8
a close up of a light with four lights on it,https://plus.unsplash.com/premium_photo-1680391380648-8ccbd725294e?fm=jpg&q=60&w=3000&ixlib=rb-4.0.3&ixid=M3wxMjA3fDB8MHxwaG90by1pbi1zYW1lLXNlcmllc3w4fHx8ZW58MHx8fHx8
a black and white photo of a ferris wheel,https://plus.unsplash.com/premium_photo-1680391380149-abba94377efa?fm=jpg&q=60&w=3000&ixlib=rb-4.0.3&ixid=M3wxMjA3fDB8MHxwaG90by1pbi1zYW1lLXNlcmllc3w5fHx8ZW58MHx8fHx8
a jet flying through a cloudy sky on a sunny day,https://plus.unsplash.com/premium_photo-1680391380766-fcb06695a546?fm=jpg&q=60&w=3000&ixlib=rb-4.0.3&ixid=M3wxMjA3fDB8MHxwaG90by1pbi1zYW1lLXNlcmllc3wxMHx8fGVufDB8fHx8fA%3D%3D
An aerial view of a river running through a field,https://plus.unsplash.com/premium_photo-1728731295364-f5370a39318a?fm=jpg&q=60&w=3000&ixlib=rb-4.0.3&ixid=M3wxMjA3fDB8MHxwaG90by1pbi1zYW1lLXNlcmllc3wxfHx8ZW58MHx8fHx8
An aerial view of a road surrounded by trees,https://plus.unsplash.com/premium_photo-1728731295706-b303f40aca29?fm=jpg&q=60&w=3000&ixlib=rb-4.0.3&ixid=M3wxMjA3fDB8MHxwaG90by1pbi1zYW1lLXNlcmllc3wyfHx8ZW58MHx8fHx8
An aerial view of a forest with lots of trees,https://plus.unsplash.com/premium_photo-1728731295675-801afbd5291b?fm=jpg&q=60&w=3000&ixlib=rb-4.0.3&ixid=M3wxMjA3fDB8MHxwaG90by1pbi1zYW1lLXNlcmllc3wzfHx8ZW58MHx8fHx8
An aerial view of a dirt field with trees,https://plus.unsplash.com/premium_photo-1728731292085-c469fbf76055?fm=jpg&q=60&w=3000&ixlib=rb-4.0.3&ixid=M3wxMjA3fDB8MHxwaG90by1pbi1zYW1lLXNlcmllc3w0fHx8ZW58MHx8fHx8
A small tower in the middle of a forest,https://plus.unsplash.com/premium_photo-1728731291920-c8c2529ed489?fm=jpg&q=60&w=3000&ixlib=rb-4.0.3&ixid=M3wxMjA3fDB8MHxwaG90by1pbi1zYW1lLXNlcmllc3w1fHx8ZW58MHx8fHx8
An aerial view of a road surrounded by trees,https://plus.unsplash.com/premium_photo-1728731292193-22ae5237f98d?fm=jpg&q=60&w=3000&ixlib=rb-4.0.3&ixid=M3wxMjA3fDB8MHxwaG90by1pbi1zYW1lLXNlcmllc3w2fHx8ZW58MHx8fHx8
A painting of a forest filled with lots of trees,https://plus.unsplash.com/premium_photo-1728731292218-66cd32bd10f6?fm=jpg&q=60&w=3000&ixlib=rb-4.0.3&ixid=M3wxMjA3fDB8MHxwaG90by1pbi1zYW1lLXNlcmllc3w3fHx8ZW58MHx8fHx8
An aerial view of a foggy field with trees,https://plus.unsplash.com/premium_photo-1728731292023-ae5888861d6d?fm=jpg&q=60&w=3000&ixlib=rb-4.0.3&ixid=M3wxMjA3fDB8MHxwaG90by1pbi1zYW1lLXNlcmllc3w4fHx8ZW58MHx8fHx8
An aerial view of a yellow and green tree,https://plus.unsplash.com/premium_photo-1728731295661-89c456e9368b?fm=jpg&q=60&w=3000&ixlib=rb-4.0.3&ixid=M3wxMjA3fDB8MHxwaG90by1pbi1zYW1lLXNlcmllc3w5fHx8ZW58MHx8fHx8
An aerial view of a forest with lots of trees,https://plus.unsplash.com/premium_photo-1728731293446-5384278ae9ad?fm=jpg&q=60&w=3000&ixlib=rb-4.0.3&ixid=M3wxMjA3fDB8MHxwaG90by1pbi1zYW1lLXNlcmllc3wxMHx8fGVufDB8fHx8fA%3D%3D
